 # here,DAYS PAINTING SUPPLIES 1974 LTD,12225 118 AVENUE,NW,,EDMONTON AB T5L 2J9
,
,"A & M PAINT & WALLPAPER, CORP.",620 PEVERLY HILL,RD,,PORTSMOUTH NH 03801
,"ADLER BROS., INC.",173 WICKENDEN,ST,REET,PROVIDENCE RI 02903
,"ASHMORE PAINT COMPANY, INC.",1736 SOUTH STAPLES,ST,REET,CORPUS CHRISTI TX 78404
,"BUNKER FLOOR SUPPLY, INC.",12 INDUSTRIAL,DR,IVE,STERLING MA 01564
,"CARTER'S TRURO, LTD",243 INDUSTRIAL,AV,ENUE,TRURO NS B2N 5B6
,"CARTER'S TRURO, LTD",243 INDUSTRIAL,AV,ENUE,TRURO NS B2N 5B6
,"COLOR STORE, INC.",13743 INDUSTRIAL,RD,.,OMAHA NE 68137
,"COLOR STORE, INC.",1863 NE 54TH,AV,E.,DES MOINES IA 50313
,"DAGES PAINT COMPANY, INC.",1140 E. OAK,ST,REET,LOUISVILLE KY 40204
,"DAVISFROST, INC.",2030 PLANTATION,RO,AD,ROANOKE VA 24012
,"DEARCO DISTRIBUTORS, INC.",1495 GREEN BAY,ST,REET,SHAWANO WI 54166
,"DIAMOND VOGEL (CORPORATE OFFICE, NO RETAIL)",1110 ALBANY PLACE,SE,,ORANGE CITY IA 51041
,"DOUGLAS & SON, INC.",231 W. CEDAR,ST,REET,KALAMAZOO MI 49007
,"FRANKLIN & LENNON PAINT CO., INC.",537 WEST 125TH,ST,REET,NEW YORK NY 10027
,"FREGOSI & COMPANY PAINTS, INC",1301 FRANQUETTE AVE.,#B,,CONCORD CA 94520
,"GLECO PAINTS EASTON, INC.",924 SOUTH 25TH,ST,REET,EASTON PA 18042
,"GLECO PAINTS SCRANTON, INC.",417 N. 6TH,AV,E.,SCRANTON PA 18503
,"HCI CHEMTEC, INC.",310 SOUTH BELLIS,ST,REET,WAUSAU WI 54403
,"KAZALAS PAINT SUPPLIES, INC",9016 37TH,AV,ENUE,JACKSON HEIGHTS NY 11372
,"KING'S PAINT & PAPER, INC.",1220 41st,AV,ENUE,CAPITOLA CA 95010
,"KING'S PAINT & PAPER, INC.",5276B SCOTTS VALLEY,DR,IVE,SCOTTS VALLEY CA 95066
,"M. SCHAMES & SON, INC.",90 DELANCEY,ST,REET,NEW YORK NY 10002
,"MCCORMICK PAINTS  WAREHOUSE ONLY, NO RETAIL",7202 MCKINNEY,CI,RCLE,FREDERICK MD 21701
,"MODERN GLASS, PAINT & TILE CO.",919 GASTON,AV,E,CAMBRIDGE OH 43725
,"MODERN GLASS, PAINT & TILE CO.",933 LINDEN,AV,ENUE,ZANESVILLE OH 43701
,"MOSELEY INDUSTRIAL SUPPLY CO., INC.",751 HUDSON,ST,REET,TROY AL 36079
,"NORFOLK HARDWARE CO., INC",981 MORTON,ST,REET,BOSTON MA 02126
,"NORTHEASTERN PAINT SUPPLY, INC.",2883 MCCARTY,RO,AD,SAGINAW MI 486032499
,"NORTHEASTERN PAINT SUPPLY, INC.",3950 N,EU,CLID,BAY CITY MI 487062029
,"OLD WESTERN PAINT CO., INC.",2001 WEST BARBERRY,PL,ACE,DENVER CO 80204
,"PAINT DEPOT, INC.","2407 G.E. ROAD, UNIT",4,,BLOOMINGTON IL 61704
,"PAINT DISTRIBUTORS, INC.",201 NORTH ROYAL,AV,ENUE,EVANSVILLE IN 47715
,"PAR PAINT COMPANY, INC.",101 W. LAS TUNAS,DR,IVE,SAN GABRIEL CA 91776
,"PAT MCDONNELL,MONKSLAND BUSINESS","TUAM ROAD,",AT,HLONE,CO. WESTMEATH IE IRELAND
,"PERSPECTIVES, INC.",352 LONGVIEW,PL,AZA,LEXINGTON KY 40503
,"PINTURAS OSEL, S.A. DE C.V.",1500 COL. JOSEFA,ZO,ZAYA,GUADALUPE N.L. MX 67110
,"QNS PNT LLC, dba LOCONSOLO OF MORRIS PARK",1057 MORRIS PARK,AV,ENUE,BRONX NY 10461
,"ROCHESTER PAINT CENTER, INC.",1800 LYELL,AV,ENUE,ROCHESTER NY 14606
,"RUDD COMPANY, INC.",1141 NW 50TH,ST,REET,SEATTLE WA 98107
,"SAN FRANCISCO PAINTSOURCE, INC.",150 PENNSYLVANIA,AV,ENUE,SAN FRANCISCO CA 94107
,"SCHEMAN & GRANT, INC",545 8TH,AV,ENUE,NEW YORK NY 10018
,"SIMSBURY PAINT, LLC",1231 HOPEMEADOW,ST,REET,SIMSBURY CT 06070
,"STAN'S PAINT CLINIC, INC.","125 VALLEY RIVER DRIVE, SUITE",#1,01,REXBURG ID 83440
,"STAN'S PAINT CLINIC, INC.",1521 NORTHGATE,MI,LE,IDAHO FALLS ID 83401
,"TCI COATINGS, INC.",220 INDUSTRIAL,BL,VD.,AUSTIN TX 78745
,"TCI COATINGS, INC.",4501 BRADLEY,ST,REET,LUBBOCK TX 79415
,"VALLEY PAINT CENTER, INC.",8461 OLD DAIRY,RO,AD,JUNEAU AK 99801
,"YHD, INC.","30 VOGELL ROAD, UNIT",#4,,RICHMOND HILL ON L4B 3K6
,"YHD, INC.","30 VOGELL ROAD, UNIT",#4,,RICHMOND HILL ON L4B 3K6
,21ST CENTURY PAINTS,7615 AIRPORT,HI,GHWAY,HOLLAND OH 43528
,3D WALLAUER  MAMARONECK,960 MAMARONECK,AV,ENUE,MAMARONECK NY 10543
,3D WALLAUER  NEW ROCHELLE,750 MAIN,ST,REET,NEW ROCHELLE NY 10801
,AAA PAINT & SUPPLY,1425 E UNIVERSITY DRIVE,B1,01,TEMPE AZ 85281
,AAA PAINT & SUPPLY,1721 E WARNER,AV,ENUE,TEMPE AZ 85284
,ABERNETHY'S PAINT & WALLPAPER LTD,95 KING STREET,EA,ST,BOWMANVILLE ON L1C 1N4
,ABERNETHYS PAINT & WALLPAPER LTD,95 KING STREET,EA,ST,BOWMANVILLE ON L1C 1N4
,ADELAIDE'S PAINT & DECOR,101 PALMETTO,ST,REET,ST. SIMONS ISLAND GA 31522
,AERO DRAPERY,75 W VIKING DR. SUITE,#1,03,LITTLE CANADA MN 55117
,AERO MANAGEMENT / PREMIUM PLYWOOD & SPECIALTIES,700 BEARSES,WA,Y,HYANNIS MA 02601
,AIRDRIE PAINT & DECOR,1112926 MAIN STREET,SE,,AIRDRIE AB T4B 3G4
,AIRDRIE PAINT & DECOR,1112926 MAIN STREET,SE,,AIRDRIE AB T4B 3G4
,AJAX PAINT CENTRE,145 KINGSTON ROAD EAST UNIT,14,,AJAX ON L1S 7J4
,AJAX PAINT CENTRE,145 KINGSTON ROAD EAST UNIT,14,,AJAX ON L1S 7J4
,AL SMITH PAINT & DECORATING CENT,1157 STONE,DR,IVE,HARRISON OH 45030
,AL SMITH PAINT & DECORATING CENTER,5517 BRIDGETOWN,RO,AD,CINCINNATI OH 45248
,ALAMO PAINT & DECORATING,"5563 DE ZAVALA ROAD, SUITE",17,0,SAN ANTONIO TX 78249
,ALAMO PAINT & DECORATING,"5616 IH10 WEST, SUITE",10,5,SAN ANTONIO TX 78201
,ALLANDALE DECORATING CENTRE,393 YONGE,ST,REET,BARRIE ON L4N 4C9
,ALLANDALE DECORATING CENTRE,393 YONGE,ST,REET,BARRIE ON L4N 4C9
,ALLISTON PAINT & DECORATING INC.,"33 YOUNG STREET, UNIT",3,,ALLISTON ON L9R 1B5
,ALLISTON PAINT & DECORATING INC.,"33 YOUNG STREET, UNIT",3,,ALLISTON ON L9R 1B5
,ALPINE PAINT OF BISHOP,130 WHITNEY,AL,LEY,BISHOP CA 93514
,ALPINE PAINT OF MAMMOTH (BILLING & PRIMARY SHIPPING),89 LAUREL MOUNTAIN RD/P.O. BOX,75,22,MAMMOTH LAKES CA 93546
,ALTURA/COLORAMA PAINT,603 S SANTA FE,AV,ENUE,VISTA CA 92083
,ANCHOR ACE HARDWARE,1305 ROUTE,28,,SOUTH YARMOUTH MA 02664
,ANDERSON PAINT COMPANY,2386 W STADIUM,BL,VD,ANN ARBOR MI 48103
,ANDERSON PAINT COMPANY,4573 WASHTENAW,AV,E,ANN ARBOR MI 48108
,ANILIN HOLDINGS LTD.,323028 STREET,SW,,CALGARY AB T3E 2J6
,ANILIN HOLDINGS LTD.,323028 STREET,SW,,CALGARY BC T3E 2J6
,ANNACIS COMMERICAL PAINTS,#31080 CLIVEDEN,AV,ENUE,DELTA BC V3M 6G6
,ANNACIS COMMERICAL PAINTS,#31080 CLIVEDEN,AV,ENUE,DELTA BC V3M 6G6
,ARMISTEAD PAINT & SUPPLY  BUCKHEAD,"3210 ROSWELL ROAD NW, SUITE",H,,ATLANTA GA 30305
,ARMISTEAD PAINT & SUPPLY  DUNWOODY,"2458 JETT FERRY ROAD, SUITE",#2,40,DUNWOODY GA 30338
,ARTHUR WESTOBY & CO. LTD.,124 THE,BO,ULEVARD,HULL UK HU3 2UF
,AUCUTT'S PAINT STORE,2000 MITCHELL,ST,.,CLOVIS NM 88101
,AUSTINBRIGGS,"276 WEST BUTLER AVENUE, ROUTE",20,2,NEW BRITAIN PA 18901
,AUSTINBRIGGS,318 HWY 202,NO,RTH,FLEMINGTON NJ 08822
,AUTO HOME PAINTS (THUNDER BAY) LTD,1048 BALMORAL,ST,REET,THUNDER BAY ON P7B 5T9
,AUTO HOME PAINTS (THUNDER BAY) LTD.,1048 BALMORAL,ST,REET,THUNDER BAY ON P7B 5T9
,BEAMSVILLE DECORATING CENTRE,4958 KING,ST,REET,BEAMSVILLE ON L0R 1B0
,BEAMSVILLE DECORATING CENTRE,4958 KING,ST,REET,BEAMSVILLE ON L0R 1B0
,BEARDEN DECORATING,6739B KINGSTON,PI,KE,KNOXVILLE TN 37919
,BEAUFORT GLIDDEN,1100 SOUTH RIBAUT,RO,AD,BEAUFORT SC 29902
,BEDFORD ACE PAINT & HARDWARE,209 NEW HAMPSHIRE RT,10,1,BEDFORD NH 03110
,BENJAMIN MOORE  EAST COBB PAINT CENTER (IN.SIDE.OUT),4880 LOWER ROSWELL ROAD,#1,35,MARIETTA GA 30068
,BENJAMIN MOORE  MERCHANTS WALK PAINT CENTER (IN.SIDE.OUT),4235 MERCHANTS WALK DRIVE,#1,00,MARIETTA GA 30068
,BENJAMIN MOORE  ROSWELL PAINT CENTER (IN.SIDE.OUT),10731 ALPHARETTA,HW,Y,ROSWELL GA 30076
,BENJAMIN MOORE & MORE  HUBENIG BROS. HOLDING LTD,368 LOWER GANGES,RO,AD,SALT SPRING ISLAND BC V8K 2K1
,BENJAMIN MOORE & MORE  HUBENIG BROS. HOLDINGS LTD,368 LOWER GANGES,RO,AD,SALT SPRING ISLAND BC V8K 2K1
,BENJAMIN MOORE KELOWNA,1768 SPRINGFIELD,RO,AD,KELOWNA BC V1Y 5V6
,BENJAMIN MOORE KELOWNA,1768 SPRINGFIELD,RO,AD,KELOWNA BC V1Y 5V6
,BENJAMIN MOORE MARINE DRIVE,#105610 SE MARINE,DR,IVE,VANCOUVER BC V5X 2T4
,BENJAMIN MOORE MARINE DRIVE,#105610 SE MARINE,DR,IVE,VANCOUVER BC V5X 2T4
,BENJAMIN MOORE WEST KELOWNA,#3153021 LOUIE,DR,IVE,WEST KELOWNA BC V4T 3E2
,BENJAMIN MOORE WEST KELOWNA,#3153021 LOUIE,DR,IVE,WEST KELOWNA BC V4T 3E2
,BENNETT'S PAINT OF LOGAN,1962 NORTH,MA,IN,LOGAN UT 84341
,BERGEN PARK PAINT CONIFER,"25797 CONIFER ROAD,",C1,00B,CONIFER CO 80433
,BERGEN PARK PAINT EVERGREEN,"1240 BERGEN PARKWAY,",A1,00,EVERGREEN CO 80439
,BERGSMA'S PAINT & DECOR,194 MAIN STREET,EA,ST,MILTON ON L9T 1N8
,BERGSMAS PAINT & DECOR,194 MAIN STREET,E,,MILTON ON L9T 1N8
,BIG BEAR PAINT CENTER,42118 BIG BEAR,BL,VD,BIG BEAR LAKE CA 92315
,BJ'S PAINT,"6528 CAPITOL BLVD SE, SUITE",A,,TUMWATER WA 98501
,BLOOMINGTON PAINT & WALLPAPER,1150 SOUTH WALNUT,ST,REET,BLOOMINGTON IN 47401
,BLUFFTON GLIDDEN,39 PERSIMMON STREET SUITE,40,3,BLUFFTON SC 29910
,BM COATINGS & SUPPLY,331 GILL,ST,REET,ALCOA TN 37701
,BORDER PAINT & COLOR CENTRE INC.,"BOX 366, 500449",ST,REET,LLOYDMINSTER AB S9V 0Y4
,BORDER PAINT & COLOR CENTRE INC.,"BOX 366, 500449",ST,REET,LLOYDMINSTER AB S9V 0Y4
,BORN PAINT & WALLPAPER CO.,317 WALNUT,ST,REET,PEORIA IL 61605
,BOYD'S DECORATING CENTRE,590 ELLESMERE,RO,AD,SCARBOROUGH ON M1R 4E9
,BOYD'S DECORATING CENTRE,590 ELLESMERE,RO,AD,SCARBOROUGH ON M1R 4E9
,BRACKIN PAINT & SUPPLY,725 SOUTH OATES,ST,REET,DOTHAN AL 36301
,BRIGHTON PAINT COMPANY,10288 EAST GRAND,RI,VER,BRIGHTON MI 48116
,BRINTON'S PAINT CO.,200 PARK,ST,.,JACKSONVILLE FL 32204
,BROADWAY DECORATING,1838 WEST,BR,OADWAY,VANCOUVER BC V6J 1Y9
,BROADWAY DECORATING,1838 WEST,BR,OADWAY,VANCOUVER BC V6J 1Y9
,BROOKLYN PAINT & HOME CENTER,1010 CONEY ISLAND,AV,ENUE,BROOKLYN NY 11230
,BYRNE PAINT COMPANY,214 OLIVER,ST,REET,TOLEDO OH 43604
,C.E. LEE DECORATING CENTER,1728 NORTH IRONWOOD,DR,IVE,SOUTH BEND IN 46635
,CALIFORNIA PAINT COMPANY,2249 GRANT RD. SUITE,B,,LOS ALTOS CA 94024
,CAMPBELL INDUSTRIAL PARK,91302 HANUA,ST,REET,KAPOLEI HI 96707
,CANMORE PAINT & INTERIORS,1906 BOW VALLEY,TR,AIL,CANMORE ALBERTA T1W 1N6
,CANMORE PAINT & INTERIORS,1906 BOW VALLEY,TR,AIL,CANMORE ALBERTA T1W 1N6
,CANPRO EDMONTON DISTRIBUTION CENTRE,14045156 STREET,NW,,EDMONTON AB T6V 1J1
,CANPRO EDMONTON DISTRIBUTION CENTRE,14045156 STREET,NW,,EDMONTON AB T6V 1J1
,CAPE COLOR WORLD INC.,341 KINGS,HI,GHWAY,CAPE GIRARDEAU MO 63703
,CARROLL'S PAINT & FLOORING INC.,6560 WESTMINSTER,BL,VD.,WESTMINSTER CA 92683
,CARSON PAINT MART,2350 S CARSON,ST,REET,CARSON CITY NV 89701
,CENTRAL PAINT INC.,"22 STEVENSON ROAD SOUTH, UNIT",2B,,OSHAWA ON L1J 5L9
,CENTRAL PAINT INC.,"22 STEVENSON ROAD SOUTH, UNIT",2B,,OSHAWA ON L1J 5L9
,CENTRE DE PEINTURE COUPAL,"19, RUE",GA,UTHIER,STJEROME QC J7Y 0A3
,CENTRE DE PEINTURE COUPAL,"19, RUE",GA,UTHIER,STJEROME QC JY7 0A3
,CENTRE DECORATING PEINTURES PRO,3394 JEAN TALON,EA,ST,MONTREAL QC H2A 1W8
,CENTRE DECORATION PEINTURES PRO,3394 JEAN TALON,EA,ST,MONTREAL QC H2A 1W8
,CENTRO PAINT & DECOR LIMITED,"10175 KEELE STREET, UNIT",5,,VAUGHAN ON L6A 3Y9
,CENTRO PAINT & DECOR LIMITED,"10175 KEELE STREET, UNIT",5,,VAUGHAN ON L6A 3Y9
,CHAPMAN'S PAINT WAREHOUSE,2905 VILLA,MA,RIA,BRYAN TX 77803
,CHATTANOOGA PAINT & DECORATING,"5243 LITTLE DEBBIE PKWY., SUITE",#1,15,OOLTEWAH TN 37363
,CHATTANOOGA PAINT & DECORATING,5529 HIXSON,PI,KE,HIXSON TN 37343
,CHILLIWACK DECORATING CENTRE,1088645 YOUNG,ST,REET,CHILLIWACK BC V2P 4P3
,CHILLIWACK DECORATING CENTRE,1088645 YOUNG,ST,REET,CHILLIWACK BC V2P 4P3
,CHROMA PAINT & DESIGN,132B ROBERTS,ST,REET,LADYSMITH BC V9G 1B2
,CHROMA PAINT & DESIGN,132B ROBERTS,ST,REET,LADYSMITH BC V9G 1B2
,CINCINNATI COLOR COMPANY,1027 DALTON,AV,E,CINCINNATI OH 45203
,CITRUS PAINT & DECOR,724 N.E. HIGHWAY,19,,CRYSTAL RIVER FL 34429
,CITY PAINTS,200 RUE RACHEL,ES,T,MONTREAL QC H2W 1E3
,CITY PAINTS,200 RUE RACHEL,ES,T,MONTREAL QC H2W 1E3
,CLARK PAINT CENTRE,1073 CLARK,DR,IVE,VANCOUVER BC V5L 3K1
,CLARK PAINT CENTRE,1073 CLARK,DR,IVE,VANCOUVER BC V5L 3K1
,CLARKSVILLE PAINT & DECORATING,"12447 CLARKSVILLE PIKE, SUITE",1A,,CLARKSVILLE MD 21029
,COAST DECORATING CENTRE,4464 MAIN,ST,REET,VANCOUVER BC V5V 3R3
,COAST DECORATING CENTRE,4464 MAIN,ST,REET,VANCOUVER BC V5V 3R3
,COAST SIGNATURE PAINTS,1747 BOUNDRY,RO,AD,BURNABY BC V3M 3Y7
,COAST SIGNATURE PAINTS,1747 BOUNDRY,RO,AD,BURNABY BC V3M 3Y7
,COAST TECH INDUSTRIAL PAINTS,108 8645 YOUNG,ST,REET,CHILLIWACK BC V2P4P3
,COAST TECH INDUSTRIAL PAINTS,1088645 YOUNG,ST,REET,CHILLIWACK BC V2P4P3
,COLOR BURST PAINT & WALLPAPER LTD,551 ALBERT,ST,REET,REGINA SK S4R 2P2
,COLOR BURST PAINT & WALLPAPER LTD,551 ALBERT,ST,REET,REGINA SK S4R 2P2
,COLOR CONCEPTS BY BYRNE,6725 WEST CENTRAL,AV,E,TOLEDO OH 43617
,COLOR COUNSELORS,3890 NORTH FEDERAL,HW,Y,LIGHTHOUSE POINT FL 33064
,COLOR MARKET LLC,9717 KINGSTON,PI,KE,KNOXVILLE TN 37922
,COLOR WHEEL INC.,1374 CHAIN BRIDGE,RO,AD,MCLEAN VA 22101
,COLOR WHEEL INC.,2802D MERRILEE,DR,.,FAIRFAX VA 22031
,COLORAMA PAINT AND SUPPLY,5232 RILEY,ST,REET,SAN DIEGO CA 92110
,COLORMAGIC,214 WEST SPRING,ST,REET,COOKEVILLE TN 38501
,COLORSPEC PAINT & DECORATING CENTRE INC.,12020149,ST,REET,EDMONTON AB T5V 1P2
,COLORSPEC PAINT & DECORATING,12020149,ST,REET,EDMONTON AB T5V 1P2
,COLOUR OASIS PAINT & DECOR LTD,12612 HWY 50 UNIT,#2,5,BOLTON ON L7E 1T6
,COLOUR OASIS PAINT & DECOR LTD,12612 HWY 50 UNIT,#2,5,BOLTON ON L7E 1T6
,COLOUR X5,80 ADVANCE,RO,AD,TORONTO ON M8Z 2T7
,COLOUR X5,80 ADVANCE,RO,AD,TORONTO ON M8Z 2T7
,COLUMBIA PAINT & WALLCOVERING,1114 CARMACK,BL,VD,COLUMBIA TN 38401
,COLUMBIA PAINT COMPANY,"6822 OAK HALL LANE, SUITE",C2,,COLUMBIA MD 21045
,COMPLETE PAINT & SUPPLIES,1030 SOUTH STATE,RO,AD,HARBOR SPRINGS MI 49740
,COMPLETE PAINT & SUPPLIES,1711 STANDISH,AV,ENUE,PETOSKEY MI 49770
,CONROY'S CORNER,126 HADDON,AV,E.,WESTMONT NJ 08107
,CONROY'S CORNER,800 SOUTH WHITE HORSE,PI,KE,SOMERDALE NJ 08083
,CONTRACTOR'S SUPPLY CO.,#1 ROUTE,16,5,LAMBERTVILLE NJ 08530
,COQUITLAM PAINT CENTER,"1100 LANSDOWNE DRIVE, UNIT",J,,COQUITLAM BC V3B 5E2
,COQUITLAM PAINT CENTRE,"1100 LANSDOWNE DRIVE, UNIT",J,,COQUITLAM BC V3B 5E2
,COURTICE PAINT & DECOR INC.,"1414 KING STREET EAST, UNIT",27,,COURTICE ON L1E 2B1
,COURTICE PAINT & DECOR INC.,"1414 KING STREET EAST, UNIT",27,,COURTICE ON L1E 2B1
,CUSTOM COLORS PAINT & DECORATING,108 VISION,DR,IVE,WILMINGTON NC 28405
,CUSTOM COLORS PAINT & DECORATING,8822 MARKET,ST,REET,WILMINGTON NC 28411
,DA KINE PAINTS,"250 ALAMAHA STREET, UNIT",3,,KAHULUI HI 96732
,DANVILLE PAINT & SUPPLY INC.,532 MONROE,ST,REET,DANVILLE VA 24541
,DAY'S PAINTS LTD,701 2ND AVENUE,NO,RTH,SASKATOON SK S7K 2C9
,DAY'S PAINTS LTD,7012ND AVENUE,N,,SASKATOON SK S7K 2C9
,DECOR THOUSAND OAKS / CATALINA,2820 E THOUSAND OAK,BL,VD,THOUSAND OAKS CA 91362
,DECORATION LE CORBUSIER MIRABEL INC.,"17680 RUE CHARLES, SUITE",#1,03,MIRABEL QC J7J 0T6
,DECORATION LE CORBUSIER MIRABEL INC.,"17680 RUE CHARLES, SUITE",#1,03,MIRABEL QC J7J 0T6
,DESIGN ON KINGSTON,775 MIDPARK,DR,IVE,KINGSTON ON K7M 7G3
,DESIGN ON KINGSTON,775 MIDPARK,DR,IVE,KINGSTON ON K7M 7G3
,DEVINE PAINT CENTER,971 LINCOLN,AV,ENUE,NAPA CA 94558
,DICK'S COLOR CENTER,17364 SW BOONES FERRY,RD,,LAKE OSWEGO OR 97035
,DISTRICT DESIGN INC.,215 STCHARLES,QU,EST,LONGUEUIL QUEBEC J4H 1E1
,DISTRICT DESIGN INC.,215 STCHARLES,QU,EST,LONGUEUIL QUEBEC J4H 1E1
,DIXIE PAINT & WALLPAPER,71248 DUNDAS STREET,EA,ST,MISSISSAUGA ON L4Y 2C1
,DIXIE PAINT & WALLPAPER,71248 DUNDAS STREET,EA,ST,MISSISSAUGA ON L4Y 2C1
,DOBSON'S PAINT & DECORATING,264 TRANSCANADA,HI,GHWAY,DUNCAN BC V9L 1W7
,DOBSON'S PAINT & DECORATING,264 TRANSCANADA,HW,Y,DUNCAN BC V9L 1W7
,DOUGS PAINT SHOPPE INC.,1561100,ST,REET,NORTH BATTLEFORD SK S9A 0W3
,DOUGS PAINT SHOPPE INC.,1561100,ST,REET,NORTH BATTLEFORD SK S9A 0W3
,DRAKE'S PAINT & SUPPLY,1535 NE F,ST,REET,GRANTS PASS OR 97526
,DRAKE'S PAINT & SUPPLY,2929 NORTH PACIFIC,HI,GHWAY,MEDFORD OR 97501
,EAGLE PAINT & WALLPAPER INC.,114 W PALISADE,AV,ENUE,ENGLEWOOD NJ 07631
,EAST BAY PAINT CENTER,990 SAN PABLO,AV,E.,ALBANY CA 94706
,EASTERN PAINT INDUSTRIES,1851 FLATBUSH,AV,E,BROOKLYN NY 11210
,EASTWAY PAINT & DECORATING,3124 EASTWAY DRIVE,#6,00,CHARLOTTE NC 28205
,EG PENNER BUILDING CENTRES LTD,"200 PARK ROAD WEST, BOX",17,3,STEINBACH MB R5G 1A1
,EG PENNER BUILDING CENTRES LTD,"200 PARK ROAD WEST, BOX",17,3,STEINBACH MB R5G 1A1
,ELMONT PAINT & DESIGN CENTER,1604 DUTCH,BR,OADWAY,ELMONT NY 11003
,ENTERPRISE PAINT & INDUSTRIAL INC.,210 W COLLEGE,ST,REET,ENTERPRISE AL 39330
,EPIC PAINT,10670 JONES,RO,AD,HOUSTON TX 77065
,EPIC PAINT,14035 MEMORIAL,HI,GHWAY,HOUSTON TX 77079
,EPPES DECORATING CENTER EAST,3201A APALACHEE,PK,WY,TALLAHASSEE FL 32311
,EPPES DECORATING CENTER,2270 ALLEN,RO,AD,TALLAHASSEE FL 32312
,ERMO TRADING C/O SOUTHERN POINT LLC (FOR PINTURAS REM DE MEXICALI),2421 PORTICO BLVD UNIT,A,,CALEXICO CA 92231
,FAIRFIELD PAINTS,3032 COLUMBUSLANCASTER RD.,NW,,LANCASTER OH 43130
,FARGO PAINT & CHEMICALS,5441 54TH AVENUE,S.,E.,CALGARY AB T2C 4L9
,FARGO PAINT & CHEMICALS,5441 54TH AVENUE,S.,E.,CALGARY AB T2C 4L9
,FARMINGTON PAINT,1328 NORTH,US,89,FARMINGTON UT 84025
,FLORIDA PAINTS CORPORATE OFFICES/DIST. CENTER,78 3RD,ST,REET,WINTER GARDEN FL 34787
,FLUSHING PAINT & SUPPLY,13343 35TH,AV,ENUE,FLUSHING NY 11354
,FOUNTAIN VALLEY PAINTS,11271 SLATER,AV,ENUE,FOUNTAIN VALLEY CA 92708
,FULLERTON PAINT & FLOORING,150 EAST ORANGETHORPE,AV,ENUE,ANAHEIM CA 92801
,GAINESVILLE PAINT,662 MAIN STREET,SW,,GAINESVILLE GA 30501
,GARRISON VILLAGE PAINT & DECORATING CENTRE,445555 MARKET,WA,Y,CHILLIWACK BC V2R 0M5
,GARRISON VILLAGE PAINT & DECORATING CENTRE,445555 MARKET,WA,Y,CHILLIWACK BC V2R 0M5
,GENERAL DECORATING CENTER,8901 JAMAICA,AV,ENUE,WOODHAVEN NY 11421
,GOLETA VALLEY PAINT,325 RUTHERFORD,ST,REET,GOLETA CA 93117
,GRAND PAINT,451 GRAND,AV,ENUE,NEW HAVEN CT 06513
,GRANING PAINT COMPANY,600 EAST MAGNOLIA,AV,ENUE,KNOXVILLE TN 37917
,GROVE DECORATING CENTRE,"UNIT 50, 96 CAMPSITE",RO,AD,SPRUCE GROVE AB T7X 4J3
,GROVE DECORATING CENTRE,"UNIT 50, 96 CAMPSITE",RO,AD,SPRUCE GROVE AB T7X 4J3
,GTA PAINT & DECOR,"8855 WOODBINE AVE, UNIT",C6,,MARKHAM ON L3P 7P1
,GTA PAINT & DECOR,"8855 WOODBINE AVE, UNIT",C6,,MARKHAM ON L3P 7P1
,H. W. FOOTE PAINT & DECORATING,420 WESTERN,AV,E.,BRIGHTON MA 02135
,HANNIGAN'S PAINT & DÉCOR,167532 AVENUE,NE,,CALGARY AB T2E 7Z5
,HANNIGAN'S PAINT & DÉCOR,167532 AVENUE,NE,,CALGARY AB T2E 7Z5
,HANSON'S PAINT & DECOR,500349,ST,REET,WETASKIWIN AB T9A 1H6
,HANSON'S PAINT & DECOR,500349,ST,REET,WETASKIWIN AB T9A 1H6
,HERITAGE PAINT & DEC. CENTERS,4709 HIGHWAY 6,SO,UTH,MISSOURI CITY TX 77459
,HERITAGE PAINT & DECORATING CENT,9646 KATY,FR,EEWAY,HOUSTON TX 77055
,HIKES POINT PAINT,4020 TAYLORSVILLE,RO,AD,LOUISVILLE KY 40220
,HIKES POINT PAINT,9810 SHELBYVILLE,RD,.,LOUISVILLE KY 40223
,HILTON HEAD GLIDDEN,13 NEW ORLEANS,RO,AD,HILTON HEAD ISLAND SC 29928
,HINGHAM LUMBER COMPANY,165 CHIEF JUSTICE CUSHING,HW,Y,COHASSET MA 02025

,HOGGARTH INTERIORS,67 GOVERNMENT ROAD,WE,ST,KIRKLAND LAKE ON P2N 2E6
,HOGGARTH INTERIORS,67 GOVERNMENT ROAD,WE,ST,KIRKLAND LAKE ON P2N 2E6
,HOOVER PAINT & WALLCOVERING,"101 NORTHSIDE CIRCLE, SUITE",C,,SHELBYVILLE TN 37160
,HOUSSER'S PAINT & WALLPAPER,87 COLBORNE STREET,WE,ST,ORILLIA ON L3V 2Y6
,HOUSSER'S PAINT & WALLPAPER,87 COLBORNE STREET,WE,ST,ORILLIA ON L3V 2Y6
,HPP INDUSTRIAL,4111 BROWNS,LA,NE,LOUISVILLE KY 40220
,HUBBARD PAINT & SUPPLY CO.,109 THEOPHILUS SMITH,RD,,SOUTH DENNIS MA 02660
,HUBBARD PAINT & SUPPLY CO.,50 FALMOUTH,RO,AD,HYANNIS MA 02601
,HUBBARD PAINT & SUPPLY CO.,631 MAIN,ST,.,FALMOUTH MA 02540
,HUNTER COATINGS,"9315 MONROE ROAD, SUITE",F,,CHARLOTTE NC 28270
,HUNTER PAINT & DECOR,"9101 MONROE ROAD, SUITE",#1,20,CHARLOTTE NC 28270
,HUNTSVILLE DECORATING CENTER,816 REGAL,DR,IVE,HUNTSVILLE AL 35801
,HUNTSVILLE DECORATING,6800 HWY,43,1,HAMPTON COVE AL 35763
,ICP BUILDING SOLUTIONS GROUP,150 DASCOMB,RO,AD,ANDOVER MA 01810
,IDEAL HOME & PAINT,4096 S RIVER,RO,AD,ST. GEORGE UT 84790
,IDL ABERGEL DECORATING INC (DULUX PAINTS),107 DONCASTER,AV,ENUE,THORNHILL ON L3T1L6
,IDL ABERGEL DECORATING INC (DULUX PAINTS),107 DONCASTER,AV,ENUE,THORNHILL ON L3T1L6
,INTERIORS BY WHITE STREET,1109 OSGOOD,ST,REET,NORTH ANDOVER MA 01845
,J & M PAINT AND WALLCOVERING,1615 BUFFALO JONES,AV,E.,GARDEN CITY KS 67846
,JAMES T. DAVIS AUTOMOTIVE FINISH,893 RADFORD,ST,REET,CHRISTIANBURG VA 24073
,JAMES T. DAVIS PAINT & WALLPAPER,3416 CANDLER'S MOUNTAIN,RD,.,LYNCHBURG VA 24502
,JANUARY PAINTS,394 W. EXCHANGE,ST,REET,AKRON OH 44302
,JESTER PAINT SUPPLY LTD.,461150,ST,REET,COLD LAKE AB T9M 1Y6
,JESTER PAINT SUPPLY LTD.,461150,ST,REET,COLD LAKE AB T9M 1Y6
,JILL'S PAINT,3534 LARGA,AV,ENUE,LOS ANGELES CA 90039
,JOE'S PAINT & FLOOR STORE,145 NORTH MAIN,ST,REET,BRANFORD CT 06405
,JOHN LEE PAINT COMPANY,34 COLISEUM,BL,VD.,MONTGOMERY AL 36109
,JOHNSON WHOLESALE CO. INC.,2226 MUSTANG,WA,Y,MADISON WI 53718
,JOHNSTON PAINT & DECORATING,3409 BUTTONWOOD,DR,IVE,COLUMBIA MO 65201
,JOSEPH'S WALLPAPER & PAINT,95 BOLTON,AV,ENUE,ALEXANDRIA LA 71301
,JPJ PAINTS LLC,2211 AVE,U,,BROOKLYN NY 11229
,JPS PAINT CENTER,415 S. MAIN STREET STE,A,,COTTONWOOD AZ 86326
,KAMLOOPS PAINT & WALLPAPER INC.,771 NOTRE DAME,DR,IVE,KAMLOOPS BC V2C 5N8
,KAMLOOPS PAINT & WALLPAPER INC.,771 NOTRE DAME,DR,IVE,KAMLOOPS BC V2C 5N8
,KANS OF ANY COLOUR LTD.,382199,ST,REET,EDMONTON AB T6E 6J1
,KANS OF ANY COLOUR LTD.,382199,ST,REET,EDMONTON AB T6E 6J1
,KASPARIAN'S PAINT CENTER,4635 NORTH CEDAR,AV,ENUE,FRESNO CA 93726
,KAWER'S TUCKAHOE PAINTS,29 COLUMBUS,AV,ENUE,TUCKAHOE NY 10707
,KAZALAS PAINTWAREHOUSE,2468 47TH ST (MUST SCHEDULE,DE,LIVERIES),ASTORIA NY 11103
,KEN NASH PAINT & WALLPAPER LTD,212 EAST MAIN,ST,REET,WELLAND ON L3B 3W8
,KEN NASH PAINT & WALLPAPER LTD,212 EAST MAIN,ST,REET,WELLAND ON L3B 3W8
,KINGSTON PAINT & WALLPAPER,"1187 PRINCESS STREET, UNIT",12,,KINGSTON ON K7M 3E1
,KINGSTON PAINT & WALLPAPER,"1187 PRINCESS STREET, UNIT",12,,KINGSTON ON K7M 3E1
,KLEIN HOME (A DIVISION OF AURORA PAINT),15216 YONGE,ST,REET,AURORA ON L4G 1L9
,KLEIN HOME (A DIVISION OF AURORA PAINT),15216 YONGE,ST,REET,AURORA ON L4G 1L9
,KLEIN PAINT (NEWMARKET EAST PAINT & DECORATING INC.),"18077 LESLIE STREET, UNIT",1,,NEWMARKET ON L3Y 9A4
,KLEIN PAINT (NEWMARKET EAST PAINT & DECORATING INC.),"18077 LESLIE STREET, UNIT",1,,NEWMARKET ON L3Y 9A4
,KLEINPAINT UPPER CANADA,3259 YONGE,ST,REET,TORONTO ON M4N 2L5
,KLEINPAINT UPPER CANADA,3259 YONGE,ST,REET,TORONTO ON M4N 2L5
,KNOXVILLE COATINGS & SUPPLY,7617 BLUEBERRY,RO,AD,POWELL TN 37849
,LANDMARK COATINGS,1902 SOUTH MIDLAND,DR,IVE,MIDLAND TX 79703
,LANDMARK PAINT & SUPPLY CO.,"3200 COMMANDER DR., SUITE",#1,08,CARROLLTON TX 75006
,LAREDO PAINT & DECORATING,5919 SAN,DA,RIO,LAREDO TX 78041
,LAVALLEY BUILDING SUPPLY,153 PLEASANT ST (Behind Sanel Auto,Pa,rts),CLAREMONT NH 03743
,LAVALLEY BUILDING SUPPLY,40 MEADOW ACCESS,LA,NE,WALPOLE NH 03608
,LAWRENCE HARDWARE,1301 SOUTH BRUNDIDGE,ST,REET,TROY AL 36081
,LEBANON PAINT & DECORATING,51 MAIN,ST,REET,WEST LEBANON NH 03784
,LEDUC WALL FASHIONS,470850,AV,ENUE,LEDUC AB T9E 6Y6
,LEDUC WALL FASHIONS,470850,AV,ENUE,LEDUC AB T9E 6Y6
,LEE PAINT CENTER,6620 LEE,HI,GHWAY,CHATTANOOGA TN 37421
,LES INDEES D`EPOXY INC,2895 RANG,D`,ARGENTEUIL,STEMARIEMADELEINE QC J0H 1S0
,LES INDEES D`EPOXY INC,2895 RANG,D`,ARGENTEUIL,STEMARIEMADELEINE QC J0H 1S0
,LESLIE STREET PAINT & DESIGN CENTRE INC.,1999 LESLIE,ST,REET,NORTH YORK ON M3B 2M3
,LESLIE STREET PAINT & DESIGN CENTRE INC.,1999 LESLIE,ST,REET,NORTH YORK ON M3B 2M3
,LEWISTON PAINT & WALLPAPER,516 SABATTUS,ST,.,LEWISTON ME 04240
,LIBERTY PAINT & DECO INC.,18509 UNION,TU,RNPIKE,FLUSHING NY 11366
,LOCONSOLO OF WILLIAMSBURG,371 GRAHAM,AV,ENUE,BROOKLYN NY 11211
,LOCONSOLO PAINTS,2660 CONEY ISLAND,AV,E,BROOKLYN NY 11223
,LUU COLOR CENTER,5022 NICHOLSON,LA,NE,ROCKVILLE MD 20852
,LYNCH PAINT & WALLPAPER CENTERS,334 LITTLETON,RO,AD,WESTFORD MA 01886
,MAHER'S PAINT & WALLPAPER,369 WEST MAIN,ST,REET,AVON CT 06001
,MAHOGANY PAINT & CO.,#150  3 MAHOGANY ROW,SE,,CALGARY AB T3M2T6
,MAHOGANY PAINT & CO.,#150  3 MAHOGANY ROW,SE,,CALGARY AB T3M2T6
,MANATEE PAINT,5123 14TH STREET,WE,ST,BRADENTON FL 34207
,MANN BROTHERS,758 N LA BREA,AV,ENUE,LOS ANGELES CA 90038
,MARIN COLOR SERVICE,703 GRANT,AV,ENUE,NOVATO CA 94945
,MARIN COLOR SERVICE,770 SECOND,ST,REET,SAN RAFAEL CA 94901
,MARINE HOME CENTER,134 ORANGE,ST,REET,NANTUCKET MA 02554
,MARINE HOME CENTER,383 STATE,RO,AD,VINEYARD HAVEN MA 02568
,MARK'S PAINT MART,4211 TELEGRAPH,AV,ENUE,OAKLAND CA 94606
,MARK'S PAINT,4830 VINELAND,AV,ENUE,NORTH HOLLYWOOD CA 91601
,MARYLAND PAINT & DECORATING,"209 CHINQUAPIN ROUND ROAD, SUITE",10,0,ANNAPOLIS MD 21401
,MARYLAND PAINT & DECORATING,387 THOMPSON CREEK,MA,LL,STEVENSVILLE MD 21666
,MCCULLOUGH PAINT,3913 WESLEY,ST,REET,GREENVILLE TX 75401
,MCDERMOTT PAINT & WALLPAPER,35 SPRING,ST,REET,GREENWICH CT 06830
,MCM PAINTS,"145 NORTH MAIN STREET, SUITE",10,5,BELLE GLADE FL 33430
,MCM PAINTS,321 EAST SUGARLAND HWY / PO BOX,36,4,CLEWISTON FL 33440
,McNICOLL PAINT CENTRE,2828 MARKHAM,RO,AD,TORONTO ON M1X 1E6
,McNICOLL PAINT CENTRE,2828 MARKHAM,RO,AD,TORONTO ON M1X 1E6
,MEMPHIS PAINTS,"2037 EXETER ROAD, SUITE",#7,,GERMANTOWN TN 38138
,MEMPHIS PAINTS,5045 PARK,AV,ENUE,MEMPHIS TN 38117
,MEMPHIS PAINTS,890 9 W POPLAR,AV,ENUE,COLLIERVILLE TN 38017
,MERITKAPLAN PAINT,237 EAST 44TH,ST,REET,NEW YORK NY 10017
,MIDLAND PAINT,1800 BAY CITY,RO,AD,MIDLAND MI 48642
,MIDNAPORE PAINT & DÉCOR,15130BANNISTER ROAD,SE,,CALGARY AB T2X 1Z5
,MIDNAPORE PAINT & DÉCOR,15130BANNISTER ROAD,SE,,CALGARY AB T2X 1Z6
,MIDWEST MOBILE SUPPLY/M2,3722 LEXINGTON PARK,DR,IVE,ELKHART IN 46514
,MILL STREET PAINT,158 MILL,ST,REET,MILTON ON L9T 1S2
,MILL STREET PAINT,158 MILL,ST,REET,MILTON ON L9T 1S2
,MILLWICK PAINT & WALLPAPER LTD.,2958 ISLINGTON,AV,ENUE,NORTH YORK ON M9L 2K6
,MILLWICK PAINT & WALLPAPER LTD.,2958 ISLINGTON,AV,ENUE,NORTH YORK ON M9L 2K6
,MILSPEC COATINGS & SUPPLY,2317 MERIDIAN STREET,N,,HUNTSVILLE AL 35811
,MODESTO COLOR CENTER,"930 N CARPENTER ROAD, SUITE",B,,MODESTO CA 95351
,MONARCH PAINT & DESIGN CENTERS,6229 RICHMOND,HI,GHWAY,ALEXANDRIA VA 22303
,MONARCH PAINTS BLOOR,2479 BLOOR ST.,WE,ST,TORONTO ON M6S 1P7
,MONARCH PAINTS BLOOR,2479 BLOOR ST.,WE,ST,TORONTO ON M6S 1P7
,MONARCH PAINTS,3620 DUFFERIN,ST,REET,TORONTO ON M3K 1N7
,MONARCH PAINTS,3620 DUFFERIN,ST,REET,TORONTO ON M3K 1N7
,MORNINGSIDE PAINT & LACQUER INC.,"1275 MORNINGSIDE AVE., UNIT",#1,,SCARBOROUGH ON M1B 3W1
,MORNINGSIDE PAINT & LACQUER INC.,"1275 MORNINGSIDE AVE., UNIT",#1,,SCARBOROUGH ON M1B 3W1
,MOTOR CITY PAINT/O'LEARY PAINT,1600 E. GRAND BLVD. SUITE,#1,04,DETROIT MI 48211
,MOTOR CITY PAINT/O'LEARY PAINT,47221 VAN,DY,KE,UTICA MI 48317
,MOULE PAINT & GLASS INC.,700 EAST MAIN,ST,REET,GRASS VALLEY CA 95945
,MYSTIC PAINTS,50 WILLIAMS,AV,ENUE,MYSTIC CT 06355
,NASHUA PAINT,129 W. PEARL,ST,.,NASHUA NH 03060
,NASHUA WALLPAPER OF LONDONDERRY,3 MOHAWK,DR,IVE,LONDONDERRY NH 03053
,NELSON FARMERS SUPPLY LTD,524 RAILWAY,ST,REET,NELSON BC V1L 1H4
,NELSON FARMERS SUPPLY LTD,524 RAILWAY,ST,REET,NELSON BC V1L 1H4
,NEW LOOK DECORATING CENTER,6237 ATLANTA,HI,GHWAY,MONTGOMERY AL 36117
,NEW PARK PAINT & DESIGN INC.,1601 HILLSIDE,AV,ENUE,NEW HYDE PARK NY 11040
,NEWMARKET PAINT,17480 YOUNGE,ST,REET,NEWMARKET ON L3Y 8A7
,NEWMARKET PAINT,17480 YOUNGE,ST,REET,NEWMARKET ON L3Y 8A7
,NIAGARA FALLS PAINT CENTRE,4009 ELBERTA,AV,ENUE,NIAGARA FALLS ON L2E 6G1
,NIAGARA FALLS PAINT CENTRE,4009 ELBERTA,AV,ENUE,NIAGARA FALLS ON L2E 6G1
,NORBERG PAINTS,313 WEST 37TH,ST,REET,SIOUX FALLS SD 57105
,NORBERG PAINTS,326 EAST 14TH,ST,REET,SIOUX FALLS SD 57104
,NORTH OKANAGAN PAINT & WINDOW COVERINGS,4406A 29TH,ST,REET,VERNON BRITISH COLUMBIA V1T 5B8
,NORTH OKANAGAN PAINT & WINDOW COVERINGS,4406A 29TH,ST,REET,VERNON BRITISH COLUMBIA V1T 5B8
,NORTH SHORE DECORATING CENTRE,#716  2601 WESTVIEW,DR,IVE,NORTH VANCOUVER BC V7N 3X4
,NORTH SHORE DECORATING CENTRE,#716  2601 WESTVIEW,DR,IVE,NORTH VANCOUVER BC V7N 3X4
,NORTHSIDE PAINT & DECORATING,12365 HURON STREET,#8,00,WESTMINSTER CO 80234
,NORTHVILLE PAINT CO.,43067 SEVEN MILE,RD,.,NORTHVILLE MI 48167
,NORTONS PAINT,632 ROUTE 17,NO,RTH,PARAMUS NJ 07652
,OAKLEY PAINT & GLASS,3142 MADISON,RD,,CINCINNATI OH 45209
,OGEE PAINT COMPANY,2855 SW 69TH,CO,URT,MIAMI FL 33155
,OGEE PAINT COMPANY,6995 BIRD,RO,AD,MIAMI FL 33155
,OKOTOKS DECORATING,1125 N RAILWAY ST. / PO BOX,18,62,OKOTOKS AB T1S 1B6
,OKOTOKS DECORATING,1125 N RAILWAY ST. / PO BOX,18,62,OKOTOKS AB T1S 1B6
,ORANGE PAINT STORE INC.,1630 WEST CHAPMAN AVENUE SUITE,D,,ORANGE CA 92868
,OSHAWA PAINT & WALLPAPER INC.,894 SIMCOE STREET,NO,RTH,OSHAWA ON L1G 4W2
,OSHAWA PAINT & WALLPAPER INC.,894 SIMCOE STREET,NO,RTH,OSHAWA ON L1G 4W2
,P.S. ATLANTIC LTD  CANADA (DC/HQ),102 CLYDE,AV,E,MT PEARL NL A1N 4S2
,P.S. ATLANTIC LTD (DC/HQ),102 CLYDE,AV,E,MT PEARL NL A1N 4S2
,PACOA,7 HARBOR PARK,DR,IVE,PORT WASHINGTON NY 11050
,PAGE PAINT CO.,1402 12TH,ST,REET,HOOD RIVER OR 97031
,PAINT DEPOT O'CONNOR INC,1674 O'CONNOR,DR,IVE,TORONTO ON M4A 1W4
,PAINT DEPOT O'CONNOR INC.,1674 O'CONNOR,DR,IVE,TORONTO ON M4A 1W4
,PAINT ETC.,3527 GILMER,RO,AD,LONGVIEW TX 75604
,PAINT FAIR LTD.,25 WEST MALL DRIVE / P.O. BOX,F4,0634,FREEPORT GRAND BAHAMA
,PAINT GARDEN  RIVERSIDE,6531 BROCKTON,AV,ENUE,RIVERSIDE CA 92506
,PAINT GARDEN  TEMECULA,27364 JEFFERSON,AV,ENUE,TEMECULA CA 92590
,PAINT SOURCE PLUS INC,"417 THE QUEENSWAY S, UNIT",#1,01,KESWICK ON L4P 2C7
,PAINT SOURCE PLUS INC.,"417 THE QUEENSWAY S, UNIT",10,1,KESWICK ON L4P 2C7
,PAINTER'S SUPPLY & DECORATING,"21620 N 26TH AVE., SUITE",#1,00,PHOENIX AZ 85027
,PAINTER'S SUPPLY & DECORATING,1126 SOUTH MESA,DR,IVE,MESA AZ 85210
,PAINTERS SUPPLY HQ,6904 WOODWAY,DR,IVE,WACO TX 76712
,PAINTPRO LLC,MAMIKONYANTS,37,19,YEREVAN ARMENIA 0051
,PAINTURAMA D/B/A SUNNY SOUTH PAINT,16181 NW 57TH,AV,E,HIALEAH FL 33014
,PAMPERIN'S PAINT & DECORATING,822 CORMIER,RO,AD,GREEN BAY WI 54304
,PANHANDLE PAINT & DECORATING,4014 COMMONS DR. WEST UNIT,10,6,DESTIN FL 32541
,PANHANDLE PAINT & DECORATING,8103A PANAMA CITY BEACH,PA,RKWAY,PANAMA CITY BEACH FL 32407
,PARK CITY PAINT,1776 PARK AVE,#1,6,PARK CITY UT 84060
,PAUL'S PAINTIN' PLACE LTD.,5476 TRAIL,AV,E.,SECHELT BC V0N 3A0
,PAUL'S PAINTIN' PLACE LTD.,5476 TRAIL,AV,ENUE,SECHELT BC V0N 3A0
,PAYNTER DEVELOPMENTS LTD. O/A BENJAMIN MOORE RED DEER,3433 GAETZ,AV,ENUE,RED DEER AB T4N 3Y
,PAYNTER DEVELOPMENTS LTD. O/A BENJAMIN MOORE RED DEER,3433 GAETZ,AV,ENUE,RED DEER AB T4N 3Y
,PEARSON DISTRIBUTING,2837 ANTHONY LANE,SO,UTH,MINNEAPOLIS MN 55418
,PEARSON DISTRIBUTING,7854 SW NIMBUS AVENUE,#9,,BEAVERTON OR 97008
,PELLERIN PAINTING (1998) LTD.,1143 FISHER,ST,REET,NORTH BAY ON P1B 2G8
,PEMBROKE PAINT,#17 MARKET,LA,NE,PEMBROKE BM DV02
,PENINSULA PAINT & DESIGN LTD.,10114936 32,AV,ENUE,SURREY BC V4P 3R5
,PENINSULA PAINT & DESIGN LTD.,10114936 32,AV,ENUE,SURREY BC V4P 3R5
,PETER ROBBINS DECORATORS MERCHANTS  NEW MILTON,UNIT 8 GORE RD. INDUSTRIAL,ES,TATE,NEW MILTON UK BH25 6TQ
,PICKERING PAINT CENTRE,"1794 LIVERPOOL RD, UNIT",#1,4,PICKERING ON L1V 4G7
,PICKERING PAINT CENTRE,"1794 LIVERPOOL RD, UNIT",#1,4,PICKERING ON L1V 4G7
,PINELLAS PAINT & INDUSTRIAL FINISHES,7301 47TH STREET,NO,RTH,PINELLAS PARK FL 33781
,PINTURA PAINT SUPPLY,"4335 VANCE JACKSON RD., STE",#1,01,SAN ANTONIO TX 78230
,POLAR PAINT INC.,9302100,ST,REET,LACRETE AB T0H 2H0
,POLAR PAINT INC.,9302100,ST,REET,LACRETE AB T0H 2H0
,POTOMAC PAINT,2916 ANNANDALE,RO,AD,FALLS CHURCH VA 22042
,PREMIER PAINT & WALLPAPER,4950 VOGES,RO,AD,MADISON WI 53718
,PRO GLO PAINTS LTD,943 QUEEN STREET,EA,ST,TORONTO ON M4M 1J6
,PRO GLO PAINTS LTD.,943 QUEEN STREET,EA,ST,TORONTO ON M4M 1J6
,PROFESSIONAL PAINT CENTER,2724 NORTH MAIN,ST,REET,WALNUT CREEK CA 94597
,PROFESSIONAL PAINT CENTER,6698 AMADOR PLAZA,RD,.,DUBLIN CA 94568
,PURCELL'S WALLPAPER & PAINT,5900 BRIDGE,ST,REET,EAST SYRACUSE NY 13057
,PURCELL'S WALLPAPER & PAINT,7932 OSWEGO,RO,AD,LIVERPOOL NY 13090
,QUEEN CITY PAINT,875 HANOVER,ST,REET,MANCHESTER NH 03109
,QUINCAILLERIE ROUSSEAU INC.,457,VI,CTORIA,SAINTLAMBERT QC J4P 2J1
,QUINCAILLERIE ROUSSEAU INC.,457,VI,CTORIA,SAINTLAMBERT QC J4P 2J1
,RAINBOW PAINT & DECORATING,"5479 HIGHWAY 280, SUITE",11,6,HOOVER AL 35242
,RAINBOW PAINT & DECORATING,1450 MONTGOMERY,HI,GHWAY,VESTAVIA HILLS AL 35216
,RAINBOW PAINT,215 E FRANKLIN,BL,VD,GASTONIA NC 28052
,RANDALL'S PAINTS LTD,555 BANK,ST,REET,OTTAWA ON K1S 5L7
,RANDALL'S PAINTS LTD.,555 BANK,ST,REET,OTTAWA ON K1S 5L7
,REINEKE DECORATING CENTERS,12017 MANCHESTER,RO,AD,DES PERES MO 63131
,REINEKE DECORATING CENTERS,8121 MANCHESTER,RO,AD,BRENTWOOD MO 63144
,RELIANCE PAINT & COATINGS D/B/A SUNNY SOUTH PAINT,1101 S. FEDERAL,HW,Y,POMPANO BEACH FL 33062
,RENO PAINT MART,201 E. MOANA,LA,NE,RENO NV 89502
,REPCOLITE DISTRIBUTION CENTER,426 W 22ND ST. DOCK,#8,,HOLLAND MI 49423
,RICCIARDI BROTHERS WAREHOUSE,1160 ROUTE 22,WE,ST,MOUNTAINSIDE NJ 07092
,RICCIARDI BROTHERS,"37169 REHOBOTH AVE., SUITE",#9,,REHOBOTH BEACH DE 19971
,RICCIARDI BROTHERS,1071A1 ROUTE,34,,ABERDEEN NJ 07747
,RICCIARDI BROTHERS,126 ESSEX,ST,REET,LODI NJ 07644
,RICCIARDI BROTHERS,1273 ROUTE 23,SO,UTH,BUTLER NJ 07405
,RICCIARDI BROTHERS,1284 MT. KEMBLE,AV,E,MORRISTOWN NJ 07960
,RICCIARDI BROTHERS,145 SOUTH,ST,REET,MORRISTOWN NJ 07960
,RICCIARDI BROTHERS,1504 PAOLI,PI,KE,WEST CHESTER PA 19380
,RICCIARDI BROTHERS,160 ROUTE 46,WE,ST,PARSIPPANY NJ 07054
,RICCIARDI BROTHERS,1715 LOVERING,AV,ENUE,WILMINGTON DE 19806
,RICCIARDI BROTHERS,1843 MARSH,RD,,WILMINGTON DE 19810
,RICCIARDI BROTHERS,1915 SPRINGFIELD,AV,E.,MAPLEWOOD NJ 07040
,RICCIARDI BROTHERS,20372039 WEST OREGON,AV,ENUE,PHILADELPHIA PA 19145
,RICCIARDI BROTHERS,214 ROUTE 97,EA,ST,TOMS RIVER NJ 08753
,RICCIARDI BROTHERS,215 WEST ENGLEWOOD,AV,E,TEANECK NJ 07666
,RICCIARDI BROTHERS,2175 ROUTE,35,,SEA GIRT NJ 08750
,RICCIARDI BROTHERS,2340 HAVERFORD,AV,E,ARDMORE PA 19003
,RICCIARDI BROTHERS,240 U.S. ROUTE,20,6,FLANDERS NJ 07836
,RICCIARDI BROTHERS,28 SOUTH,ST,REET,NEW PROVIDENCE NJ 07974
,RICCIARDI BROTHERS,287 BLOOMFIELD,AV,E.,BLOOMFIELD NJ 07003
,RICCIARDI BROTHERS,3130 ROUTE,88,,POINT PLEASANT NJ 08742
,RICCIARDI BROTHERS,315 ROUTE 35,NO,RTH,EATONTOWN NJ 07724
,RICCIARDI BROTHERS,317 SPRINGFIELD,AV,E,SUMMIT NJ 07901
,RICCIARDI BROTHERS,324 E MAIN,ST,REET,MIDDLETOWN DE 19706
,RICCIARDI BROTHERS,368 E MAIN,ST,REET,NEWARK DE 19711
,RICCIARDI BROTHERS,3681 ROUTE 9,NO,RTH,FREEHOLD NJ 07728
,RICCIARDI BROTHERS,38 WEST SKIPPACK,PI,KE,AMBLER PA 19002
,RICCIARDI BROTHERS,38A ROUTE 10,WE,ST,EAST HANOVER NJ 07936
,RICCIARDI BROTHERS,394 W. LANCASTER,AV,E,WAYNE PA 19087
,RICCIARDI BROTHERS,396 ROUTE 22,WE,ST,GREENBROOK NJ 08812
,RICCIARDI BROTHERS,403 E. LINCOLN,HI,GHWAY,EXTON PA 19431
,RICCIARDI BROTHERS,416 HILLSDALE,AV,E,HILLSDALE NJ 07642
,RICCIARDI BROTHERS,425 MCBRIDE,AV,ENUE,PATERSON NJ 07501
,RICCIARDI BROTHERS,436 ROUTE 202/206,NO,RTH,BEDMINSTER NJ 07921
,RICCIARDI BROTHERS,455 S. OXFORD VALLEY,RO,AD,FAIRLESS HILLS PA 19030
,RICCIARDI BROTHERS,500 BRICK,BL,VD,BRICK NJ 08723
,RICCIARDI BROTHERS,511 E. BALTIMORE,PI,KE,MEDIA PA 19063
,RICCIARDI BROTHERS,511 RT. 72 UNIT,5,,MANAHAWKIN NJ 08050
,RICCIARDI BROTHERS,641 SHUNPIKE,RO,AD,CHATHAM NJ 07928
,RICCIARDI BROTHERS,6521 ROUTE,9,,HOWELL NJ 07731
,RICCIARDI BROTHERS,701 ROUTE 70,WE,ST,MARLTON NJ 08053
,RICCIARDI BROTHERS,73 OLD DUBLIN PIKE UNIT,9,,DOYLESTOWN PA 18901
,RICCIARDI BROTHERS,873 BLOOMFIELD,AV,ENUE,CLIFTON NJ 07012
,RICCIARDI BROTHERS,975 NEW DURHAM,RD,,EDISON NJ 08817
,RICHARD'S PAINT,"1950 VIERA BLVD., UNIT",#1,11,VIERA FL 32955
,RICHARD'S PAINT,"5000 STACK BLVD., SUITE",1A,,MELBOURNE FL 32901
,RICHARD'S PAINT,1510 CHENEY,HI,GHWAY,TITUSVILLE FL 32780
,RICHARD'S PAINT,200 PAINT,ST,REET,ROCKLEDGE FL 32955
,RICHARD'S PAINT,2900 POST,RO,AD,MELBOURNE FL 32935
,RICHARD'S PAINT,780 EAST MERRITT ISLAND,CA,USEWAY,MERRITT ISLAND FL 32953
,RICHMOND DECORATING CENTRE,13012571 BRIDGEPORT,RD,,RICHMOND BC V6V 1J4
,RICHMOND DECORATING CENTRE,13012571 BRIDGEPORT,RD,,RICHMOND BC V6V 1J4
,RICHMOND HARDWARE,899 WASHINGTON,ST,REET,BRAINTREE MA 02184
,RIDGEFIELD SUPPLY CO.,29 PROSPECT,ST,REET,RIDGEFIELD CT 06877
,RING'S END  DISTRIBUTION CENTER,160 AVON,ST,REET,STRATFORD CT 06615
,RING'S END INC.,1139 POST,RO,AD,FAIRFIELD CT 06824
,RING'S END INC.,5967 FEDERAL,RO,AD,DANBURY CT 06810
,RING'S END INC.,87 HARVARD,AV,ENUE,STAMFORD CT 06902
,ROBERTS DECORATOR SUPPLY,833 WEST HOUSTON,ST,REET,SHERMAN TX 75092
,ROBINSON'S PAINT & WALLPAPER INC,129 HURONTARIO,ST,REET,COLLINGWOOD ON L9Y 2L9
,ROBINSON'S PAINT & WALLPAPER INC,129 HURONTARIO,ST,REET,COLLINGWOOD ON L9Y 2L9
,ROD'S DECORATING CENTRE LTD,26616 STREET,WE,ST,PRINCE ALBERT SK S6V 3V5
,ROD'S DECORATING CENTRE LTD,26616 STREET,WE,ST,PRINCE ALBERT SK S6V 3V5
,RODDA PAINT,"1043 GOLDEN ROD ROAD, SUITE",10,2,BURLINGTON WA 98233
,RODDA PAINT,"1051 EAST BOGARD ROAD, UNIT",16,,WASILLA AK 99654
,RODDA PAINT,"1120 SW 16TH ST., SUITE",#7,,RENTON WA 98057
,RODDA PAINT,"4601 200TH SW,",B,,LYNNWOOD WA 98036
,RODDA PAINT,"501 NORTH QUAY STREET, SUITE",10,8,KENNEWICK WA 99336
,RODDA PAINT,"8626 BIRCH LANE, SUITE",#6,00,NAMPA ID 83687
,RODDA PAINT,"925 S 1ST STREET, SUITE",10,0,YAKIMA WA 98902
,RODDA PAINT,1010 S. WASHINGTON,AV,ENUE,EMMETT ID 83617
,RODDA PAINT,1014 GREEN ACRES,RD,,EUGENE OR 97408
,RODDA PAINT,10309 SE 82ND,AV,E.,PORTLAND OR 97086
,RODDA PAINT,10312 SE WASHINGTON STREET,#C,103,PORTLAND OR 97216
,RODDA PAINT,1050D NW MARYLAND,AV,E.,CHEHALIS WA 98532
,RODDA PAINT,106 EAST FRANCIS,AV,ENUE,SPOKANE WA 99201
,RODDA PAINT,11915 SW CANYON,RO,AD,BEAVERTON OR 97005
,RODDA PAINT,1211 COURT,ST,REET,MEDFORD OR 97501
,RODDA PAINT,1280 FILER AVENUE,EA,ST,TWIN FALLS ID 83301
,RODDA PAINT,1501 15TH STREET NW,#1,08,AUBURN WA 98001
,RODDA PAINT,1530 HOLLIPARK,DR,IVE,IDAHO FALLS ID 83401
,RODDA PAINT,1544 NORTH WENATCHEE,AV,ENUE,WENATCHEE WA 98801
,RODDA PAINT,17701 NE DELFEL,RO,AD,RIDGEFIELD WA 98642
,RODDA PAINT,1900 132ND AVE,NE,,BELLEVUE WA 98005
,RODDA PAINT,1900 MCLOUGHLIN BLVD.,#4,2,OREGON CITY OR 97045
,RODDA PAINT,2165 US HIGHWAY 2,EA,ST,KALISPELL MT 59901
,RODDA PAINT,2229 LANCASTER DR.,NE,,SALEM OR 97305
,RODDA PAINT,2477 WEST 11TH,AV,ENUE,EUGENE OR 97402
,RODDA PAINT,2510 S 84TH SUITE,32,C,LAKEWOOD WA 98499
,RODDA PAINT,25615 104TH AVENUE,SE,,KENT WA 98031
,RODDA PAINT,271 SOUTH 7TH AVENUE,#2,2,SEQUIM WA 98382
,RODDA PAINT,27623 COVINGTON WAY SE,#6,,COVINGTON WA 98042
,RODDA PAINT,307 EAST FAIRVIEW,AV,ENUE,MERIDIAN ID 83642
,RODDA PAINT,318 NW EASTMAN,PA,RKWAY,GRESHAM OR 97030
,RODDA PAINT,321 SE TAYLOR,ST,REET,PORTLAND OR 97214
,RODDA PAINT,3276 NW PLAZA RD SUITE,10,7,SILVERDALE WA 98383
,RODDA PAINT,3589 FAIRVIEW INDUSTRIAL,DR,,SALEM OR 97302
,RODDA PAINT,3816 WEST STATE,ST,REET,BOISE ID 83703
,RODDA PAINT,3838 4TH AVENUE,SO,UTH,SEATTLE WA 98134
,RODDA PAINT,409 NE F,ST,REET,GRANTS PASS OR 97526
,RODDA PAINT,409 NORTH THIERMAN,RO,AD,SPOKANE VALLEY WA 99212
,RODDA PAINT,4338 S 6TH,ST,REET,KLAMATH FALLS OR 97603
,RODDA PAINT,436 HIGHWAY 99,W,,MCMINNVILLE OR 97128
,RODDA PAINT,4520 LACEY BLVD SE SUITE,#1,0,LACEY WA 98503
,RODDA PAINT,4621 S,ME,RIDIAN,PUYALLUP WA 98373
,RODDA PAINT,4909 33RD AVENUE,CO,URT,GIG HARBOR WA 98335
,RODDA PAINT,4970 FAIRBANKS,ST,REET,ANCHORAGE AK 99503
,RODDA PAINT,541 CALIFORNIA,WA,Y,LONGVIEW WA 98632
,RODDA PAINT,6107 NORTH MARINE,DR,IVE,PORTLAND OR 97203
,RODDA PAINT,63007 LAYTON,AV,E.,BEND OR 97701
,RODDA PAINT,6960 NORTH GOVERNMENT,WA,Y,DALTON GARDENS ID 83815
,RODDA PAINT,701 SW ARMCO,RD,.,HILLSBORO OR 97213
,RODDA PAINT,705 WEST ROSE,ST,REET,WALLA WALLA WA 99362
,RODDA PAINT,747 OHIO,ST,REET,BELLINGHAM WA 98225
,RODDA PAINT,7660 SHEDHORN,DR,IVE,BOZEMAN MT 59715
,RODDA PAINT,7723 FOURTH PLAIN,BL,VD.,VANCOUVER WA 98662
,RODDA PAINT,7825 EVERGREEN,WA,Y,EVERETT WA 98203
,RODDA PAINT,7906 AURORA AVE,N,,SEATTLE WA 98103
,RODDA PAINT,809 SE 2ND,ST,REET,BATTLE GROUND WA 98604
,RODDA PAINT,8365 SW TONKA,ST,REET,TUALATIN OR 97062
,RODDA PAINT,8614 SW HALL,BL,VD.,BEAVERTON OR 97005
,RODDA PAINT,916 CLEVELAND,BL,VD.,CALDWELL ID 83605
,RODDA PAINT,925 EAST LYNDALE,AV,ENUE,HELENA MT 59601
,RODDA PAINT,94 WEST IDAHO,AV,ENUE,ONTARIO OR 97914
,RODDA PAINT,950 GEARY ST,SE,,ALBANY OR 97322
,RODDA PAINT,BROOKS STREET,31,00B,MISSOULA MT 59801
,ROLLIE WILLIAMS PAINT & CHEMICAL,1391 CHERRY,ST,REET,JASPER IN 47549
,ROLLIE WILLIAMS PAINT SPOT,"4570 COMMERCIAL AVE., SUITE",D,,PORTAGE MI 49002
,ROLLIE WILLIAMS PAINT SPOT,1179 KENT,ST,REET,ELKHART IN 46514
,ROLLIE WILLIAMS PAINT SPOT,2570 WALKER AVENUE,N.,W.,GRAND RAPIDS MI 49504
,ROOSTERS PAINT & DECOR,1905 RANCH ROAD 620,NO,RTH,LAKEWAY TX 78734
,ROOSTERS PAINT & DECOR,308 WEST PALM VALLEY,BL,VD,ROUND ROCK TX 78664
,ROOSTERS PAINT & DECOR,5501 SOUTH CONGRESS,AV,ENUE,AUSTIN TX 78745
,ROOSTERS PAINT CENTER,202 WALTON WAY,#1,80,CEDAR PARK TX 78613
,ROSE'S QUALITY PAINTS (MAIN OFFICE/MFG. PLANT ONLY  NO RETAIL),901 FRINK STREET / PO BOX,26,58,CAYCEWEST COLUMBIA SC 29171
,ROSE'S QUALITY PAINTS,2521 FOREST,DR,IVE,COLUMBIA SC 29204
,ROSE'S QUALITY PAINTS,549 KNOX ABBOTT,DR,IVE,CAYCE SC 29033
,ROTBLOTTS DISCOUNT WAREHOUSE INC.,443 ADELAIDE STREET,WE,ST,TORONTO ON M5V 1S9
,ROTBLOTTS DISCOUNT WAREHOUSE INC.,443 ADELAIDE STREET,WE,ST,TORONTO ON M5V 1S9
,ROYAL CITY COLOURS,70012TH,ST,REET,NEW WESTMINSTER BC V3M 4J6
,ROYAL CITY COLOURS,70012TH,ST,REET,NEW WESTMINSTER BC V3M 4J6
,ROYAL CITY PAINT & SUPPLY,263 BARTON STREET EAST UNIT,12,,STONEY CREEK ON L8G 2K5
,ROYAL CITY PAINT & SUPPLY,60 MALCOLM,RO,AD,GUELPH ON N1K 1A9
,ROYAL CITY PAINT & SUPPLY,60 MALCOLM,RO,AD,GUELPH ON N1K 1A9
,ROYAL CITY PAINT,"2535 BLACKWELL STREET, UNIT",10,9,OTTAWA ON K1B 4E4
,ROYAL CITY PAINT,2535 BLACKWELL ST. UNIT,10,9,OTTAWA ON K1B 4E4
,ROYAL CITY PAINTS,"263 BARTON STREET EAST, UNIT",12,,STONEY CREEK ON L8G 2K5
,ROYAL LANE CUSTOM PAINT & SUPPLY,"2720 ROYAL LANE, SUITE",17,2,DALLAS TX 75229
,SALEM PAINT COMPANY,686 COMMERCIAL STREET,NE,,SALEM OR 97301
,SALT LAKE PAINT & DECORATING,250 WEST 2100 SOUTH,#H,,SALT LAKE CITY UT 84115
,SANDY PAINT,8920 SOUTH STATE,ST,.,SANDY UT 84070
,SANTA BARBARA PAINT DEPOT,526 LAGUNA,ST,REET,SANTA BARBARA CA 93101
,SARASOTA PAINT  LAKEWOOD RANCH,8709 STATE ROAD 70,EA,ST,BRADENTON FL 34202
,SARASOTA PAINT  STICKNEY POINT,2525 STICKNEY POINT,RO,AD,SARASOTA FL 34231
,SARASOTA PAINT COMPANY,2088 12TH,ST,REET,SARASOTA FL 34237
,SCARBOROUGH PAINT CENTRE,2934B EGLINTON AVENUE,EA,ST,SCARBOROUGH ON M1J 2E4
,SCARBOROUGH PAINT CENTRE,2934B EGLINTON AVENUE,EA,ST,SCARBOROUGH ON M1J 2E4
,SCHEMAN'S BRYANT PARK,55 WEST 39th,ST,REET,NEW YORK NY 10018
,SCHEMAN'S TRIBECA PAINT,217 WEST,BR,OADWAY,NEW YORK NY 10013
,SCHUELE PAINT CO.  ABBOTT ROAD,920 ABBOTT,RO,AD,BUFFALO NY 14220
,SCHUELE PAINT CO.  BUFFALO,12 SUMMER,ST,REET,BUFFALO NY 14209
,SCHUELE PAINT CO.  CLARENCE,8222 MAIN,ST,REET,CLARENCE NY 14221
,SCOTT'S DECORATING CENTRE,88 KENT STREET,WE,ST,LINDSAY ON K9V 2Y4
,SCOTT'S DECORATING CENTRE,88 KENT STREET,WE,ST,LINDSAY ON K9V 2Y4
,SEABROOK DECORATING CENTER,3019 N. STATE,ST,.,JACKSON MS 39216
,SEABROOK DECORATING CENTER,411 W. JACKSON,ST,REET,RIDGELAND MS 39157
,SEABROOK PAINT CO.,511 W. MONUMENT,ST,.,JACKSON MS 39203
,SEMINOLE DECOR CENTER,1815 EAST SEMINOLE,ST,REET,SPRINGFIELD MO 65804
,SERENDIB PAINTS & DÉCOR,4900 SHEPPARD AVE EAST UNIT,2,,SCARBOROUGH ON M1S 4A7
,SERENDIB PAINTS & DÉCOR,4900 SHEPPARD AVE. EAST UNIT,2,,SCARBOROUGH ON M1S 4A7
,SHADES PAINT CO.,1709 NICOLSON STREET,SO,UTH,PRINCE GEORGE BC V2N 1V7
,SHADES PAINT CO.,1709 NICOLSON STREET,SO,UTH,PRINCE GEORGE BC V2N 1V7
,SHELBYVILLE PAINT & WALLPAPER,235 EAST BROADWAY,ST,REET,SHELBYVILLE IN 46176
,SHENANDOAH PAINT & DECORATING CENTER,"2061 EVELYN BYRD AVE, SUITE",E,,HARRISONBURG VA 22801
,SIOUX CITY PAINT & DECORATING,1625 HAMILTON,BL,VD.,SIOUX CITY IA 51103
,SMITH PAINT,2091 E SPRING,ST,REET,LONG BEACH CA 90806
,SOMERSET PAINT,159 GRAND ARMY,HW,Y,SWANSEA MA 02777
,SOMERSET PAINT,668 STATE,RO,AD,NORTH DARTMOUTH MA 02747
,SONOMA PAINT CENTER (ALL SHIPMENTS THIS LOCATION),200 WEST COLLEGE,AV,E,SANTA ROSA CA 95407
,SONOMA PAINT CENTER,1147 YULUPA,AV,ENUE,SANTA ROSA CA 95405
,SONOMA PAINT CENTER,6731 SEBASTOPOL AVE,#1,30,SEBASTOPOL CA 95472
,SONOMA PAINT CENTER,815 W. NAPA,ST,REET,SONOMA CA 95476
,SOUTH BAY PAINTS,1749 WEST SAN CARLOS,ST,REET,SAN JOSE CA 95128
,SOUTH BAY PAINTS,3487 S. BASCOM,AV,ENUE,CAMPBELL CA 95008
,SOUTH BAY PAINTS,6199A TERESA,BL,VD.,SAN JOSE CA 95123
,SOUTH BURNABY PAINT,8601 GLENLYON PARKWAY UNIT,#9,2,BURNABY BC V5JJ 0H6
,SOUTH CITY PAINT & SUPPLY CO.,1445 SAM HOUSTON JONES,PA,RKWAY,LAKE CHARLES LA 70611
,SOUTH CITY PAINT & SUPPLY CO.,1851 WEST SALE,RO,AD,LAKE CHARLES LA 70605
,SOUTH CITY PAINT & SUPPLY CO.,2716 KIRKMAN,ST,REET,LAKE CHARLES LA 70601
,SOUTH DELTA PAINT & DESIGN,"UNIT 131, 4857 ELLIOTT",ST,REET,LADNER BC V4K 2X2
,SOUTH DELTA PAINT & DESIGN,"UNIT 131, 4857 ELLIOTT",ST,REET,LADNER BC V4K 2X2
,SOUTH TEXAS PAINT & SUPPLY,1707,BR,OADWAY,KERRVILLE TX 78028
,SOUTHERN PAINT & SUPPLY CO.,239 SOUTH SEGRAVE,ST,REET,DAYTONA BEACH FL 32114
,SOUTHERN PAINT & WALLPAPER,605 SOUTH DIXIE,FR,EEWAY,NEW SMYRNA BEACH FL 32168
,SOUTHERN PAINT ORANGE CITY,1883 SOUTH VOLUSIA,AV,ENUE,ORANGE CITY FL 32763
,SOUTHERN PAINT ORMOND,221 SOUTH YONGE,ST,REET,ORMOND BEACH FL 32174
,SOUTHPOINTE PAINT & DECOR,3328 114TH AVE,SE,,CALGARY AB T2Z 3V6
,SOUTHPOINTE PAINT & DECOR,3328 114TH AVE,SE,,CALGARY AB T2Z 3V6
,SOUTHSIDE PAINT & WALLPAPER LTD.,1030 KENNEDY CIRCLE UNIT,3D,,MILTON ON L9T 0J9
,SOUTHSIDE PAINT & WALLPAPER LTD.,1030 KENNEDY CIRCLE UNIT,3D,,MILTON ON L9T 0J9
,SOUTHWESTERN PAINT COMPANY,14300 NW FREEWAY SUITE,B2,4,HOUSTON TX 77040
,SOUTHWESTERN PAINT COMPANY,16864 HIGHWAY,3,,WEBSTER TX 77598
,SOUTHWESTERN PAINT COMPANY,1902 TAFT,ST,REET,HOUSTON TX 77006
,SOUTHWESTERN PAINT COMPANY,1998 FARMTOMARKET 1960 ROAD,WE,ST,HOUSTON TX 77090
,SOUTHWESTERN PAINT COMPANY,25507 I45 SUITE,B,,SPRING TX 77380
,SOUTHWESTERN PAINT COMPANY,2726 BISSONNET STREET,#2,00,HOUSTON TX 77005
,SOUTHWESTERN PAINT COMPANY,403 WEST GRAND PARKWAY,SO,UTH,KATY TX 77494
,SOUTHWESTERN PAINT COMPANY,4050 EASTEX,FW,Y,BEAUMONT TX 77708
,SOUTHWESTERN PAINT COMPANY,6011 WEST MAIN,ST,REET,LEAGUE CITY TX 77573
,SOUTHWESTERN PAINT COMPANY,6211 STEWART,RO,AD,GALVESTON TX 77551
,SPATTERS PAINT & DECORATING,747 NORTH,RO,AD,GIBSON'S LANDING BC V0N 1V9
,SPATTERS PAINT & DECORATING,747 NORTH,RO,AD,GIBSON'S LANDING BC V0N 1V9
,SPECTRIM PAINT PLUS DECOR,"10 WILKINSON ROAD, UNITS 3 &",4,,BRAMPTON ON L6T 5B1
,SPECTRIM PAINT PLUS DECOR,10 WILKINSON ROAD UNITS 3 &,4,,BRAMPTON ON L6T 5B1
,SPECTRUM POWDER MANUFACTURING LTD.,3956 64TH AVENUE,S.,E.,CALGARY AB T2C 2B4
,SPECTRUM POWDER MANUFACTURING LTD.,3956 64TH AVENUE,S.,E.,CALGARY AB T2C 2B4
,SPEERS PAINT & DECOR BRAMPTON,120 CLEMENTINE DRIVE UNIT,#6,,BRAMPTON ON L6Y 0L8
,SPEERS PAINT & DECOR BRAMPTON,120 CLEMENTINE DRIVE UNIT,#6,,BRAMPTON ON L6Y 0L8
,SPEERS PAINT DEPOT INC.,275 SPEERS,RO,AD,OAKVILLE ON L6K 2G1
,SPEERS PAINT DEPOT INC.,275 SPEERS,RO,AD,OAKVILLE ON L6K 2G1
,ST CHARLES / O'FALLON DECORATING CENTER  WAREHOUSE,81 ELAINE,DR,.,O'FALLON MO 63366
,ST CHARLES / O'FALLON DECORATING CENTER,851 WEST TERRA,LA,NE,O'FALLON MO 63366
,ST. CATHARINES DECORATING CENTRE,258 MERRITT,ST,.,ST. CATHARINES ON L2T 1J8
,ST. CATHARINES DECORATING CENTRE,258 MERRITT,ST,REET,ST. CATHARINES ON L2T 1J8
,STANDARD PAINT & FLOORING,130 S 72ND,AV,ENUE,YAKIMA WA 98908
,STANDARD PAINT & FLOORING,1480 TAPTEAL,DR,IVE,RICHLAND WA 99352
,STANDARD PAINT & FLOORING,149 EASY,WA,Y,WENATCHEE WA 98801
,STANDARD PAINT & FLOORING,253 NE GREENWOOD,AV,E,BEND OR 97701
,STANDARD PAINT & FLOORING,409 W YAKIMA,AV,ENUE,YAKIMA WA 98902
,STANDARD PAINT & FLOORING,610 S MAIN,ST,REET,ELLENSBURG WA 98926
,STANDARD PAINT & FLOORING,717 E YAKIMA VALLEY,HW,Y.,SUNNYSIDE WA 98944
,STANDARD PAINT & WALLPAPER,"3245 HARVESTER ROAD, UNIT",#8,,BURLINGTON ON L7T 3N7
,STANDARD PAINT & WALLPAPER,"3245 HARVESTER ROAD, UNIT",#8,,BURLINGTON ON L7T 3N7
,STEELES PAINT & WALLPAPER INC.,"4190 STEELES AVENUE WEST, UNIT",7,,WOODBRIDGE ON L4L 3S8
,STEELES PAINT & WALLPAPER INC.,4190 STEELES AVENUE WEST UNIT,7,,WOODBRIDGE ON L4L 3S8
,STEIN PAINT COMPANY,545 WEST FLAGLER,ST,.,MIAMI FL 33130
,STERLING CARPET ONE FLOOR & HOME,2030 32ND AVENUE,SO,UTH,GRAND FORKS ND 58201
,STEVESTON DECORATING,"8120 NO. 2 ROAD, UNIT",18,8,RICHMOND BC V7C 5J8
,STEVESTON DECORATING,"8120 NO. 2 ROAD, UNIT",18,8,RICHMOND BC V7C 5J8
,STEVESTON WAREHOUSE,#11  12320 TRITES,RO,AD,RICHMOND BC V7E 3R7
,STEVESTON WAREHOUSE,#11  12320 TRITES,RO,AD,RICHMOND BC V7E 3R7
,STONEY CREEK DECORATING CENTRE,413 BARTON,ST,REET,STONEY CREEK ONTARIO L8E 2L4
,STONEY CREEK DECORATING CENTRE,413 BARTON,ST,REET,STONEY CREEK ONTARIO L8E 2L4
,STRAND'S INC.,11 EAST MEADOW,LA,NE,MARSHALLTOWN IA 50158
,STRATHCONA DECORATING CENTRE LTD,220550 BASE LINE,RO,AD,SHERWOOD PARK AB T8H 2G8
,STRATHCONA DECORATING CENTRE LTD,220550 BASE LINE,RO,AD,SHERWOOD PARK AB T8H 2G8
,SUMMIT PAINT & DECORATING CENTER,1430 WOOSTER ROAD,WE,ST,BARBERTON OH 44203
,SUMMIT PAINT & DECORATING CENTER,616 GRANT,ST,REET,AKRON OH 44311
,SUNBELT COATINGS,3809 NORTH RUNWAY,DR,IVE,TUCSON AZ 85705
,SUNNY SOUTH PAINT & DECOR,1401 SW 27TH,AV,E,MIAMI FL 33145
,SUNNY SOUTH PAINT,3202 CORAL,WA,Y,MIAMI FL 33145
,SUNSET PAINTSBROOKHAVEN,3412 CLAIRMONT ROAD,NE,,BROOKHAVEN GA 30319
,SUNSET PAINTSDULUTH,"2750 BUFORD HWY, UNIT",5C,,DULUTH CA 30096
,SUPERIOR COATINGS,550 FORT WILLIAM,RO,AD,THUNDER BAY ON P7B 2Z8
,SUPERIOR COATINGS,550 FORT WILLIAM,RO,AD,THUNDER BAY ON P7B 2Z8
,SURFACE PREP SUPPLY,#2 US HWY 1792,NO,RTH,HAINES CITY FL 33844
,SURFACE PREP SUPPLY,4101 NW 70TH,AV,ENUE,MIAMI FL 33166
,SURFACE PREP SUPPLY,600 E 8TH,ST,REET,JACKSONVILLE FL 32206
,TAMALPAIS PAINT & COLOR,338 MILLER,AV,ENUE,MILL VALLEY CA 94941
,TAMALPAIS PAINT & COLOR,5784 PARADISE,DR,IVE,CORTE MADERA CA 94925
,TANNER PAINT COMPANY,3645 S MANHATTAN,AV,ENUE,TAMPA FL 33629
,TANNER PAINT COMPANY,4917 NORTH ARMENIA,AV,ENUE,TAMPA FL 33603
,TAUNTON PAINT INC.,1965 SALEM,RO,AD,AJAX ON L1T 0J9
,TAUNTON PAINT INC.,1965 SALEM,RO,AD,AJAX ON L1T 0J9
,THE COLOR HOUSE INC.  MIDDLETOWN,679 WEST MAIN,RO,AD,MIDDLETOWN RI 02842
,THE COLOR HOUSE INC.  SMITHFIELD,445 PUTNAM PIKE UNIT,#9,,SMITHFIELD RI 02828
,THE COLOR HOUSE INC.  WAREHOUSE,8190 POST,RO,AD,NORTH KINGSTOWN RI 02852
,THE PAINT BUCKET,212 CHAMBERS,AV,ENUE,EAGLE CO 81631
,THE PAINT BUCKET,40690 HWY,6,,AVON CO 81620
,THE PAINT CENTER,2821 SOUTH FIRST,ST,REET,ABILENE TX 79605
,THE PAINT FACTORY,2630 WEST MAIN,ST,REET,BOZEMAN MT 59718
,THE PAINT PLACE LTD.,"ABACO SHOPPING CENTER, DON MACKAY BLVD. / PO BOX",AB,20073,"MARSH HARBOUR, ABACO BAHAMAS"
,THE PAINT PLACE LTD.,"SANDYPORT PLAZA, CABLE BEACH / PO BOX",N8,177,"NASSAU, NEW PROVIDENCE BAHAMAS"
,THE PAINT PLACE LTD.,16 BILNEY LANE / PO BOX,N8,177,"NASSAU, NEW PROVIDENCE BAHAMAS"
,THE PAINT SPOT  PLACERVILLE,1303,BR,OADWAY,PLACERVILLE CA 95667
,THE PAINT SPOT  SHINGLE SPRINGS,3965 DUROCK RD. UNIT,A,,SHINGLE SPRINGS CA 95682
,THE PAINT SPOT,3900 MCFARLAND BLVD.,WE,ST,NORTHPORT AL 35476
,THE PAINT SPOT,501 15TH,ST,REET,TUSCALOOSA AL 35401
,THE PAINT STOP INC.,150 PELICAN,PL,ACE,SYLVAN LAKE AB T4S 1K2
,THE PAINT STOP INC.,150 PELICAN,PL,ACE,SYLVAN LAKE AB T4S 1KS
,THE PAINT STORE INC.  BASALT,133 PARK AVE UNITS,1&,2,BASALT CO 81621
,THE PAINT STORE INC.  CARBONDALE,2401 DELORES,WA,Y,CARBONDALE CO 81623
,THE PAINT STORE LTD.,32 RICHBORO,RO,AD,NEWTOWN PA 18940
,THE PAINT STORE PLUS,11485 SOUTH CLEVELAND AVENUE,#6,,FT. MYERS FL 33907
,TIMMINS DECORATING CENTRE LTD,"11 REA ST. NORTH, STE",10,5,TIMMINS ON P4N 4Z5
,TIMMINS DECORATING CENTRE LTD,"11 REA ST. NORTH, SUITE",10,5,TIMMINS ON P4N 4Z5
,TOMMY'S PAINT POT,1000A CONGER,ST,REET,EUGENE OR 97402
,TOMMY'S PAINT POT,1810 NW 9TH,ST,REET,CORVALLIS OR 97330
,TOMMY'S PAINT POT,980 LANCASTER DR.,NE,,SALEM OR 97301
,TRICITY PAINT & DECORATING LTD.,UNIT 4202325 OTTAWA,ST,REET,PORT COQUITLAM BC V3B 8A4
,TRICITY PAINT & DECORATING LTD.,UNIT 4202325 OTTAWA,ST,REET,PORT COQUITLAM BC V3B 8A4
,TRICOUNTY PAINT & SPRAY,1630 S BUSINESS IH,35,,NEW BRAUNFELS TX 78130
,TRIPP'S PAINT & DECORATING SHOPPE,259 KING,ST,REET,MIDLAND ON L4R 3M4
,TRIPP'S PAINT & DECORATING SHOPPE,259 KING,ST,REET,MIDLAND ON L4R 3M4
,TROUT LAKE PAINT/STEWARTS DECORATING,1370 REGINA,ST,REET,NORTH BAY ON P1B 2L3
,TROUT LAKE PAINT/STEWARTS DECORATING,1370 REGINA,ST,REET,NORTH BAY ON P1B 2L3
,TRUCKEE PAINT MART,10929 INDUSTRAIL,WA,Y,TRUCKEE CA 96161
,TRUTONE PAINT,"79440 HWY 111, SUITE",10,1,LA QUINTA CA 92253
,TRUTONE PAINT,530 SOUTH VELLA,RO,AD,PALM SPRINGS CA 92264
,VALLEY COATINGS,3912 N. PROVIDENCE AVE UNIT,B,,APPLETON WI 54913
,VALLEY DECORATING & PAINTING SUPPLIES CENTRE LTD,#164 105 BOW MEADOWS,CR,ESCENT,CANMORE AB T1W 2W8
,VALLEY DECORATING & PAINTING SUPPLIES CENTRE LTD,#164 105 BOW MEADOWS,CR,ESCENT,CANMORE AB T1W 2W8
,VAN SICKLE PAINT MFG. PLANT/WHSE.,305 M STREET/P.O. BOX,82,222,LINCOLN NE 68501
,VILLAGE HARDWARE,7934 FORT HUNT RD. (IN THE HOLLIN HALL SHOPPING,PL,AZA),ALEXANDRIA VA 22308
,VIRGINIA PAINT CENTER,7767 SUDLEY,RO,AD,MANASSAS VA 20109
,VOGEL MARKETING (NO RETAIL),1900 ALBANY PLACE,SE,,ORANGE CITY IA 51041
,W.E. SAUNDERS & SONS PAINTERS LT,2053 HIGHWAY,3,,"DELHI, ONTARIO ON N4B 2W4"
,W.E. SAUNDERS & SONS PAINTERS LTD,2053 HWY,3,,"DELHI, ONTARIO ON N4B 2W4"
,W.J. ANDRIOT'S LLC,1857 MIDLAND,TR,AIL,SHELBYVILLE KY 40065
,WALLS ALIVE  EDMONTON,12125 149TH,ST,REET,EDMONTON AB T5L 2J2
,WALLS ALIVE  EDMONTON,9315 63RD,AV,ENUE,EDMONTON AB T6E 0G2
,WALLS ALIVE LTD.,132817 AVENUE,SW,,CALGARY AB T2T 0C3
,WALLS ALIVE LTD.,132817TH AVENUE,SO,UTHWEST,CALGARY AB T2T 0C3
,WALLS ALIVEEDMONTON,12125 149TH,ST,REET,EDMONTON AB T5L 2J2
,WALLS ALIVEEDMONTON,9315 63,AV,ENUE,EDMONTON AB T6E 0G2
,WARREN GLASS & PAINT,1203 YOUNGSTOWN ROAD,SE,,WARREN OH 44484
,WARREN GLASS & PAINT,1859 EAST STATE,ST,REET,HERMITAGE PA 16148
,WELLAND DECORATING CENTRE,447 NIAGARA,ST,REET,WELLAND ON L3C 1L6
,WELLAND DECORATING CENTRE,447 NIAGARA,ST,REET,WELLAND ON L3C 1L6
,WESCLEAN NORTHERN SALES LTD,15 INDUSTRIAL,DR,IVE,HAY RIVER NT X0E 0R6
,WESCLEAN NORTHERN SALES LTD,15 INDUSTRIAL,DR,IVE,HAY RIVER NT X0E 0R6
,WEST ACE D/B/A SUNNY SOUTH PAINT,108 WESTON,RO,AD,SUNRISE FL 33326
,WEST HILLHURST PAINT & DESIGN IN,32119TH STREET,NW,,CALGARY AB T2N 2J2
,WEST HILLHURST PAINT & DESIGN IN,32119TH STREET,NW,,CALGARY AB T2N 2J2
,WEST SIDE DECORATING CENTER,"5789 STATE STREET, STE.",#1,,SAGINAW MI 48603
,WEST TORONTO PAINT & WALLPAPER CO. LTD.,2975 DUNDAS STREET,WE,ST,TORONTO ON M6P 1Z2
,WEST TORONTO PAINT & WALLPAPER CO. LTD.,2975 DUNDAS STREET,WE,ST,TORONTO ON M6P 1Z2
,WEST WHITTIER PAINT CO.,11408 EAST WHITTIER,BL,VD.,WHITTIER CA 90601
,WESTERLY PAINTS,85 FRANKLIN,ST,REET,WESTERLY RI 02891
,WESTERN TECHNICAL FINISHES,10670 W EXECUTIVE,DR,IVE,BOISE ID 83713
,WHITBY PAINT & DECORATING,"605 BROCK STREET N., UNIT",11,1,WHITBY ON L1N 8R2
,WHITBY PAINT & DECORATING,"605 BROCK STREET N., UNIT",11,1,WHITBY ON L1N 8R2
,WHITE'S PAINT,902 ARSENAL,ST,REET,WATERTOWN NY 13601
,WHITING'S WALLPAPER & PAINTS,9 N FULTON,ST,REET,AUBURN NY 13021
,WIDEMAN PAINT & DECORATING,493948,ST,REET,CAMROSE AB T4V 1L7
,WIDEMAN PAINT & DECORATING,493948,ST,REET,CAMROSE AB T4V 1L7
,WILMOT'S DECORATING CENTER,1193 ASHLEY,BL,VD,NEW BEDFORD MA 02745
,WILMOT'S DECORATING CENTER,149 EVERETT,ST,REET,MIDDLEBORO MA 02346
,WILSON'S THE PAINT STORE,90 HOWLAND,DR,IVE,HUNTSVILLE ON P1H 2P9
,WILSON'S THE PAINT STORE,90 HOWLAND,DR,IVE,HUNTSVILLE ON P1H 2P9
,WOLVERINE PAINT SUPPLY,4860 EAST,M3,6,PINCKNEY MI 48169
,WOOD'S PAINT CENTER II,29948 THREE NOTCH,RO,AD,CHARLOTTE HALL MD 20622
,YES PAINT,"7120 OLD SEWARD HWY, SUITE",#1,01,ANCHORAGE AK 99518
,YORKE TOWNE SUPPLIES,1235 REID,ST,REET,RICHMOND HILL ON L4B 1G4
,YORKE TOWNE SUPPLIES,1235 REID,ST,REET,RICHMOND HILL ON L4B 1G4
,ZIMMERMAN'S HARDWARE,3801 SANDY SPRING,RO,AD,BURTONSVILLE MD 20866
#five
AMERICAN PAINT SUPPLIES INC.,"6100 SHIRLEY STREET, UNIT #2",NAPLES FL,34,109,NAPLES FL 34109
ANCHOR ACE HARDWARE,267 COTUIT ROAD,SANDWICH MA,02,563,SANDWICH MA 02563
ATLANTIC PAINT  BURNABY,6791 HASTINGS STREET,BURNABY BC V5B,1S,6,BURNABY BC V5B 1S6
BERMUDA PAINT COMPANY, LTD.,9 WATLINGTON ROAD,DEVONSHIRE DVBX BM,DV,06,DEVONSHIRE DVBX BM DV06
CATALINA PAINTS  STUDIO CITY,12324 VENTURA BLVD,STUDIO CITY CA,91,604,STUDIO CITY CA 91604
Company,Address,City,State,Zip Code,Phone
FARRELLCALHOUN,"2605 ADAIR DRIVE, SUITE #102",KNOXVILLE TN,37,918,KNOXVILLE TN 37918
GLECO PAINT AND WALLCOVERING,3055 ROUTE 940,MOUNT POCONO PA,18,344,MOUNT POCONO PA 18344
JOHN BOYLE DECORATING CENTERS,714 FARMINGTON AVENUE,BRISTOL CT,06,010,BRISTOL CT 06010
LDM GROUP LTD.  BRIXTON,9496 ACRE LANE,"BRIXTON, LONDON UK SW2",5Q,N,"BRIXTON, LONDON UK SW2 5QN"
LDM GROUP LTD.  CROYDON (WAREHOUSE),25 PROGRESS WAY,"CROYDON, LONDON UK CR0",4X,D,"CROYDON, LONDON UK CR0 4XD"
LDM GROUP LTD.  KINGSTON,188190 KINGSTON ROAD,LONDON UK KT3,3R,J,LONDON UK KT3 3RJ
LDM GROUP LTD.  WANDSWORTH,152156 GARRATT LANE,"WANDSWORTH, LONDON UK SW18",4D,A,"WANDSWORTH, LONDON UK SW18 4DA"
MOYERS PAINT CO.,351 LEWELLING BLVD,SAN LORENZO CA,94,580,SAN LORENZO CA 94580
PAT MCDONNELL PAINT SALES LTD.,BACHELORS QUAY,CORK IE,IR,ELAND,CORK IE IRELAND
PELLERIN PAINTING (1998) LTD.,1143 FISHER STREET,NORTH BAY ON P1B,2G,8,NORTH BAY ON P1B 2G8
PETER ROBBINS DECORATORS MERCHANTS  FERNDOWN,UNIT 3 & 4 COBHAM RD.,FERNDOWN UK BH21,7R,S,FERNDOWN UK BH21 7RS
PETER ROBBINS DECORATORS MERCHANTS  LYMINGTON,GORDLETON INDUSTRIAL ESTATE HANNAH WAY,LYMINGTON UK,SO,418JD,LYMINGTON UK SO418JD
PURCELL'S WALLPAPER & PAINT,5785 E CIRCLE DRIVE,CICERO NY,13,039,CICERO NY 13039
RING'S END, INC.,85 BRADLEY ROAD,MADISON CT,06,443,MADISON CT 06443
SARASOTA PAINT NOKOMIS,221 S. TAMIAMI TRAIL,NOKOMIS FL,34,275,NOKOMIS FL 34275
SOUTH BURNABY PAINT,8601 GLENLYON PARKWAY UNIT #92,BURNABY BC V5J,0H,6,BURNABY BC V5J 0H6


































































































